{"sections":{"banner":{"type":"main-collection-banner","settings":{"show_collection_description":true,"show_collection_image":true,"collection_description_fullwidth":false,"overlay_opacity":80,"color_scheme":"background-1"}},"product-grid":{"type":"main-collection-product-grid","settings":{"products_per_page":24,"desktop_product_columns":"3","enable_filtering":true,"show_product_count":false,"enable_sorting":false,"show_vendor":false,"show_stock":false,"show_rating":false,"side_menu_title":"Collections","side_menu":"all-products"}},"subcollections":{"type":"main-collection-subcollections","settings":{}}},"order":["banner","subcollections","product-grid"]}