{"sections":{"8c6408c1-c759-45aa-95d4-14ecbfa4e95f":{"type":"slideshow","blocks":{"0836a556-faf5-4554-9b42-e9e1535b270b":{"type":"slide","settings":{"image":"shopify:\/\/shop_images\/8798e0_e0a7e8273eb449b9bd351190d529af29_mv2.webp","overlay_background":"","heading":"Vinxs E-Bikes","heading_size":"md","subheading":"<p><strong>Reliable, Long endurance, Affordable VINXS is going to power up your riding.<\/strong><\/p>","text_color":"#ffffff","button_label":"Shop Our Range","button_type_link":false,"button_color_scheme":"button-primary","link":"shopify:\/\/collections\/e-bikes","box_align":"bottom-left","content_width":60,"mobile_heading_size":"md","mobile_box_align":"bottom-left"}},"template--17988122870080__8c6408c1-c759-45aa-95d4-14ecbfa4e95f-1676436427805f96d7-0":{"type":"slide","settings":{"image":"shopify:\/\/shop_images\/rsz_website-1.jpg","overlay_background":"","heading":"","heading_size":"md","subheading":"","text_color":"#dc241e","button_label":"Shop for E-Bikes","button_type_link":false,"button_color_scheme":"button-primary","link":"shopify:\/\/collections\/e-bikes","box_align":"bottom-left","content_width":60,"mobile_heading_size":"md","mobile_box_align":"bottom-left"}},"9712533c-0a7c-41ad-9dbc-a5bab6c2091d":{"type":"slide","settings":{"image":"shopify:\/\/shop_images\/5432453.97e4aab.png","overlay_background":"","heading":"","heading_size":"md","subheading":"","text_color":"#ffffff","button_label":"Shop for E-Bikes","button_type_link":false,"button_color_scheme":"button-primary","link":"shopify:\/\/collections\/e-bikes","box_align":"bottom-left","content_width":60,"mobile_heading_size":"md","mobile_box_align":"bottom-left"}},"b87a462e-a4b2-4fc8-b0c1-d3ea0ed9f288":{"type":"slide","settings":{"image":"shopify:\/\/shop_images\/z7-gray.png","overlay_background":"","heading":"","heading_size":"md","subheading":"","text_color":"#ffffff","button_label":"Shop for E-Bikes","button_type_link":false,"button_color_scheme":"button-primary","link":"shopify:\/\/collections\/e-bikes","box_align":"bottom-left","content_width":60,"mobile_heading_size":"md","mobile_box_align":"bottom-left"}}},"block_order":["0836a556-faf5-4554-9b42-e9e1535b270b","template--17988122870080__8c6408c1-c759-45aa-95d4-14ecbfa4e95f-1676436427805f96d7-0","9712533c-0a7c-41ad-9dbc-a5bab6c2091d","b87a462e-a4b2-4fc8-b0c1-d3ea0ed9f288"],"settings":{"full_width":false,"slide_height":"adapt_image","auto_rotate":true,"change_slides_speed":3,"accessibility_info":"","color_scheme":"background-1","spacing_top":32,"spacing_bottom":34}},"a6a3026b-a53f-4fe9-867a-f6ae6f99efc5":{"type":"multicolumn","blocks":{"58d92912-48dc-4cac-84f9-199a77d28adf":{"type":"column","settings":{"image":"shopify:\/\/shop_images\/ebike-electrical-repair-square-700x500_1093x697_bfa29ff6-b2cc-466d-9c87-eec8a9fd0eaa.jpg","image_width":550,"title":"Our price is the best in the market and our products are worth every dollar of your cost.","text":"","link_label":"Buy E-Bike","link":"shopify:\/\/pages\/e-bike-sales"}},"template--17988122870080__a6a3026b-a53f-4fe9-867a-f6ae6f99efc5-1676612208fd6f84fc-0":{"type":"column","settings":{"image":"shopify:\/\/shop_images\/2021-canyon-speedmax-disc-triathlon-bike-lightweight-race-ready-disc-brake-aero-tri-bike-long-road-1500x844.jpg","image_width":550,"title":"You can rent one of our ebikes and start making money immediately!","text":"","link_label":"Rent E-Bike","link":"shopify:\/\/pages\/ebike-rentals"}},"template--17988122870080__a6a3026b-a53f-4fe9-867a-f6ae6f99efc5-1676612208fd6f84fc-1":{"type":"column","settings":{"image":"shopify:\/\/shop_images\/mtb-wheel-building-640x640_1093x697_46ac6a53-d4af-42e5-8e23-509a40a65fd8.jpg","image_width":550,"title":"Sometimes the electricals fail completely.  We are here to help you.","text":"","link_label":"Repair E-Bike","link":"shopify:\/\/pages\/repair-and-service"}}},"block_order":["58d92912-48dc-4cac-84f9-199a77d28adf","template--17988122870080__a6a3026b-a53f-4fe9-867a-f6ae6f99efc5-1676612208fd6f84fc-0","template--17988122870080__a6a3026b-a53f-4fe9-867a-f6ae6f99efc5-1676612208fd6f84fc-1"],"settings":{"title":"","columns":3,"column_alignment":"left","button_label":"","button_link":"","color_scheme":"background-1","spacing_top":60,"spacing_bottom":60}},"ad110f04-71e5-4f90-8675-305f0158f147":{"type":"multicolumn","blocks":{"template--17988122870080__ad110f04-71e5-4f90-8675-305f0158f147-167685513397a4dbf4-1":{"type":"column","settings":{"image":"shopify:\/\/shop_images\/bombtrack-hook-ext-germany-32-2000x1333_1093x697_e49b020b-70b4-4df3-9416-79c137e4248b.jpg","image_width":550,"title":"Selling your bike is easy. Get a quote in 24 hours. Free home collection.","text":"","link_label":"Trade in E-Bike","link":"shopify:\/\/pages\/e-bike-exchange"}},"template--17988122870080__ad110f04-71e5-4f90-8675-305f0158f147-167685513397a4dbf4-2":{"type":"column","settings":{"image":"shopify:\/\/shop_images\/di2-firmware-update-1000x563_1093x697_e5d78c3d-acaa-49a3-9a47-de192a4e6685.jpg","image_width":550,"title":"Provide convenient and safe e-bike battery charging service for courier.","text":"","link_label":"Battery Ex-Change","link":"shopify:\/\/pages\/battery-exchange"}},"5d24afd6-6e04-4e01-95c8-2114f0413a8a":{"type":"column","settings":{"image":"shopify:\/\/shop_images\/2023-02-20_105923_1093x697_2a828446-27ef-4f0a-bc6b-77d86370662c.png","image_width":550,"title":"Choosing one affordable rent to buy plans. The bike is yours after complete the contract.","text":"","link_label":"Installment & Afterpay","link":"shopify:\/\/pages\/installment"}}},"block_order":["template--17988122870080__ad110f04-71e5-4f90-8675-305f0158f147-167685513397a4dbf4-1","template--17988122870080__ad110f04-71e5-4f90-8675-305f0158f147-167685513397a4dbf4-2","5d24afd6-6e04-4e01-95c8-2114f0413a8a"],"settings":{"title":"","columns":3,"column_alignment":"left","button_label":"","button_link":"","color_scheme":"background-1","spacing_top":60,"spacing_bottom":60}},"tabs":{"type":"collection-tabs","blocks":{"collection-0":{"type":"collection","settings":{"collection":"e-bikes","collection_tab_label":"Best Selling","products":["vinxs-electric-fat-tyre-bike-48v-ew-4048-matte-black","yadea-14-inch-electric-folding-bike-48v-20ah","yadea-20-inch-electric-city-bike-yc200","vinxs-electric-cargo-bike-48v-ew-2048","yadea-yc100","new-20-vinxs-electric-cargo-bike-48v-70v-ew-2032-my23"]}}},"block_order":["collection-0"],"settings":{"heading":"Price Drop","products_to_show":6,"show_vendor":true,"show_stock":true,"show_rating":true,"layout":"grid","columns":"3","stack_on_mobile":false,"color_scheme":"background-1","spacing_top":60,"spacing_bottom":60}},"df78b67d-24fb-413f-a744-5065b78e18ba":{"type":"multicolumn","blocks":{"template--17988122870080__df78b67d-24fb-413f-a744-5065b78e18ba-16765089209ab768c1-0":{"type":"column","settings":{"image":"shopify:\/\/shop_images\/utility-cycling-square-1017x678.jpg","image_width":550,"title":"Nothing is More Priority Than your Safety","text":"<p><strong>Alloyed Rims With Anti-Puncture Tyre  Were Under The Control By Our New Hydraulic Brake System. Secure Your Trips Safe.<\/strong><\/p>","link_label":"","link":""}},"template--17988122870080__df78b67d-24fb-413f-a744-5065b78e18ba-16765089209ab768c1-1":{"type":"column","settings":{"image":"shopify:\/\/shop_images\/enduro-and-dh-mtb-thredbo-square-700x500.jpg","image_width":550,"title":"Higher Efficiency  For Your Jobs","text":"<p><strong>Massive Carrier Capacity and Rapid Wheel Spin Suit for All Purpose of Delivery And Heavy Duty Use.<\/strong><\/p>","link_label":"","link":""}},"template--17988122870080__df78b67d-24fb-413f-a744-5065b78e18ba-16765089209ab768c1-2":{"type":"column","settings":{"image":"shopify:\/\/shop_images\/road-bike-repair-square-700x467.jpg","image_width":550,"title":"Longer Battery Life","text":"<p><strong>Equipped with  48V \/ 60V Long Endurance Lithium Battery. Give Your Trip Up To 550 km Distance With Single Charging.<\/strong><\/p>","link_label":"","link":""}},"92faa777-615b-4a39-8791-efb923fa1fe8":{"type":"column","settings":{"image":"shopify:\/\/shop_images\/ebike-art-square-700x394.jpg","image_width":550,"title":"Local Warranty","text":"<p><strong>All New E-Bikes Covered. 2 Years Warranty On Frame and Fork. 1 Year Warranty On Battery and Motor<\/strong><\/p>","link_label":"","link":""}}},"block_order":["template--17988122870080__df78b67d-24fb-413f-a744-5065b78e18ba-16765089209ab768c1-0","template--17988122870080__df78b67d-24fb-413f-a744-5065b78e18ba-16765089209ab768c1-1","template--17988122870080__df78b67d-24fb-413f-a744-5065b78e18ba-16765089209ab768c1-2","92faa777-615b-4a39-8791-efb923fa1fe8"],"settings":{"title":"","columns":4,"column_alignment":"left","button_label":"","button_link":"","color_scheme":"background-1","spacing_top":60,"spacing_bottom":60}},"58af4304-cf43-49ed-974a-b01682153eec":{"type":"collection-list","disabled":true,"blocks":{"template--17988122870080__58af4304-cf43-49ed-974a-b01682153eec-16765893347add1232-0":{"type":"collection","settings":{"collection":"","image":"shopify:\/\/shop_images\/ebike-art-square-700x394.jpg","overlay_background":"","button_text":"Rent one E-Bike","button_type_link":false,"button_color_scheme":"button-secondary","heading_size":"md","text_color":"#e50a24","box_align":"bottom-left","mobile_heading_size":"md","mobile_box_align":"bottom-left"}},"template--17988122870080__58af4304-cf43-49ed-974a-b01682153eec-16765893347add1232-1":{"type":"collection","settings":{"collection":"","image":"shopify:\/\/shop_images\/enduro-and-dh-mtb-thredbo-square-700x500.jpg","overlay_background":"","button_text":"Repair your E-Bike","button_type_link":false,"button_color_scheme":"button-secondary","heading_size":"md","text_color":"#ffffff","box_align":"bottom-left","mobile_heading_size":"md","mobile_box_align":"bottom-left"}},"template--17988122870080__58af4304-cf43-49ed-974a-b01682153eec-16765893347add1232-2":{"type":"collection","settings":{"collection":"","image":"shopify:\/\/shop_images\/road-bike-repair-square-700x467.jpg","overlay_background":"","button_text":"Exchange an E-Bike","button_type_link":false,"button_color_scheme":"button-secondary","heading_size":"md","text_color":"#ca1515","box_align":"bottom-left","mobile_heading_size":"md","mobile_box_align":"bottom-left"}}},"block_order":["template--17988122870080__58af4304-cf43-49ed-974a-b01682153eec-16765893347add1232-0","template--17988122870080__58af4304-cf43-49ed-974a-b01682153eec-16765893347add1232-1","template--17988122870080__58af4304-cf43-49ed-974a-b01682153eec-16765893347add1232-2"],"settings":{"heading":"","link_title":"","link_url":"","card_ratio":"landscape","show_title":false,"show_description":false,"show_button":true,"layout":"grid","columns":3,"stack_on_mobile":false,"color_scheme":"background-2","spacing_top":60,"spacing_bottom":60}},"collections-1":{"type":"collection-list","disabled":true,"blocks":{"c999ba5e-489c-448f-a505-d52c6ca3f6fc":{"type":"collection","settings":{"collection":"accessories","overlay_background":"linear-gradient(180deg, rgba(0, 0, 0, 0), rgba(0, 0, 0, 0.8) 100%)","button_text":"","button_type_link":false,"button_color_scheme":"accent-3","heading_size":"md","text_color":"#ffffff","box_align":"bottom-left","mobile_heading_size":"md","mobile_box_align":"bottom-left"}},"40cdffec-5e1e-4ecf-83ff-5e408a0f4b62":{"type":"collection","settings":{"collection":"e-bikes","overlay_background":"linear-gradient(180deg, rgba(0, 0, 0, 0), rgba(0, 0, 0, 0.8) 100%)","button_text":"","button_type_link":false,"button_color_scheme":"accent-3","heading_size":"md","text_color":"#ffffff","box_align":"bottom-left","mobile_heading_size":"md","mobile_box_align":"bottom-left"}},"e25b14e0-8f11-458f-b7c6-ced156c38766":{"type":"collection","settings":{"collection":"batteries","overlay_background":"linear-gradient(180deg, rgba(0, 0, 0, 0), rgba(0, 0, 0, 0.8) 100%)","button_text":"","button_type_link":false,"button_color_scheme":"accent-3","heading_size":"md","text_color":"#ffffff","box_align":"bottom-left","mobile_heading_size":"md","mobile_box_align":"bottom-left"}}},"block_order":["c999ba5e-489c-448f-a505-d52c6ca3f6fc","40cdffec-5e1e-4ecf-83ff-5e408a0f4b62","e25b14e0-8f11-458f-b7c6-ced156c38766"],"settings":{"heading":"Collections","link_title":"All collections","link_url":"","card_ratio":"auto","show_title":true,"show_description":true,"show_button":true,"layout":"mosaic","columns":3,"stack_on_mobile":false,"color_scheme":"background-1","spacing_top":60,"spacing_bottom":60}},"featured-collection-1":{"type":"featured-collection","disabled":true,"settings":{"collection":"e-bikes","products_to_show":8,"products":[],"heading":"Deals of the week","show_vendor":true,"show_stock":true,"show_rating":false,"show_collection":false,"collection_overlay_background":"linear-gradient(180deg, rgba(0, 0, 0, 0), rgba(0, 0, 0, 0.8) 100%)","collection_title":"","collection_description":"","collection_text_color":"#ffffff","collection_button_text":"","collection_box_align":"bottom-left","layout":"slider","columns":"4","stack_on_mobile":false,"color_scheme":"background-1","spacing_top":60,"spacing_bottom":60}},"collections-2":{"type":"collection-list","disabled":true,"blocks":{"collection-0":{"type":"collection","settings":{"collection":"cargo-bike","overlay_background":"linear-gradient(180deg, rgba(0, 0, 0, 0), rgba(0, 0, 0, 0.8) 100%)","button_text":"","button_type_link":false,"button_color_scheme":"button-primary","heading_size":"md","text_color":"#ffffff","box_align":"bottom-left","mobile_heading_size":"md","mobile_box_align":"bottom-left"}},"collection-1":{"type":"collection","settings":{"collection":"city-bike","overlay_background":"linear-gradient(180deg, rgba(0, 0, 0, 0), rgba(0, 0, 0, 0.8) 100%)","button_text":"","button_type_link":false,"button_color_scheme":"button-primary","heading_size":"md","text_color":"#ffffff","box_align":"bottom-left","mobile_heading_size":"md","mobile_box_align":"bottom-left"}},"collection-2":{"type":"collection","settings":{"collection":"mountain-bike","overlay_background":"linear-gradient(180deg, rgba(0, 0, 0, 0), rgba(0, 0, 0, 0.8) 100%)","button_text":"","button_type_link":false,"button_color_scheme":"button-primary","heading_size":"md","text_color":"#ffffff","box_align":"bottom-left","mobile_heading_size":"md","mobile_box_align":"bottom-left"}},"collection-3":{"type":"collection","settings":{"collection":"fat-tyre-bike","overlay_background":"linear-gradient(180deg, rgba(0, 0, 0, 0), rgba(0, 0, 0, 0.8) 100%)","button_text":"","button_type_link":false,"button_color_scheme":"button-primary","heading_size":"md","text_color":"#ffffff","box_align":"bottom-left","mobile_heading_size":"md","mobile_box_align":"bottom-left"}},"collection-4":{"type":"collection","settings":{"collection":"folding-bike","overlay_background":"linear-gradient(180deg, rgba(0, 0, 0, 0), rgba(0, 0, 0, 0.8) 100%)","button_text":"","button_type_link":false,"button_color_scheme":"button-primary","heading_size":"md","text_color":"#ffffff","box_align":"bottom-left","mobile_heading_size":"md","mobile_box_align":"bottom-left"}}},"block_order":["collection-0","collection-1","collection-2","collection-3","collection-4"],"settings":{"heading":"E-Bike categories","link_title":"All categories","link_url":"shopify:\/\/collections","card_ratio":"auto","show_title":true,"show_description":false,"show_button":false,"layout":"mosaic","columns":3,"stack_on_mobile":false,"color_scheme":"background-1","spacing_top":60,"spacing_bottom":60}},"featured-collection-2":{"type":"featured-collection","disabled":true,"settings":{"collection":"cargo-bike","products_to_show":3,"products":[],"heading":"Featured category","show_vendor":true,"show_stock":true,"show_rating":false,"show_collection":true,"collection_overlay_background":"linear-gradient(180deg, rgba(0, 0, 0, 0), rgba(0, 0, 0, 0.8) 100%)","collection_title":"","collection_description":"","collection_text_color":"#ffffff","collection_button_text":"","collection_box_align":"bottom-left","layout":"grid","columns":"4","stack_on_mobile":false,"color_scheme":"background-1","spacing_top":60,"spacing_bottom":60}},"3843e5bb-600b-4842-be03-24d09e1c7b42":{"type":"rich-text","disabled":true,"blocks":{"template--17988122870080__3843e5bb-600b-4842-be03-24d09e1c7b42-167650894543d69f3c-0":{"type":"heading","settings":{"heading":"Talk about your brand"}},"template--17988122870080__3843e5bb-600b-4842-be03-24d09e1c7b42-167650894543d69f3c-1":{"type":"text","settings":{"text":"<p>Share information about your brand with your customers. Describe a product, make announcements, or welcome customers to your store.<\/p>"}},"template--17988122870080__3843e5bb-600b-4842-be03-24d09e1c7b42-167650894543d69f3c-2":{"type":"button","settings":{"button_label":"Button label","button_link":""}}},"block_order":["template--17988122870080__3843e5bb-600b-4842-be03-24d09e1c7b42-167650894543d69f3c-0","template--17988122870080__3843e5bb-600b-4842-be03-24d09e1c7b42-167650894543d69f3c-1","template--17988122870080__3843e5bb-600b-4842-be03-24d09e1c7b42-167650894543d69f3c-2"],"settings":{"narrow":true,"overlay_background":"","color_scheme":"background-1","spacing_top":60,"spacing_bottom":60}},"96d66dff-1213-4ff6-abcb-8ca72a56da82":{"type":"map","blocks":{"template--17988122870080__96d66dff-1213-4ff6-abcb-8ca72a56da82-16770176414bef238e-0":{"type":"location","settings":{"address":"215-217 Elizabeth St, Croydon NSW 2132","title":"Sydney","address_label":"<p>215-217 Elizabeth Street<br\/>Croydon NSW<br\/>2132, Australia<\/p><p><strong>(04) 4989-8370<\/strong><\/p>","address_info_window":""}},"ece3095f-a21a-480f-a877-dca16187d2ad":{"type":"location","settings":{"address":"shop 95\/460 Jones St, Ultimo NSW 2007","title":"","address_label":"<p>shop 95\/460 Jones St<br\/>Ultimo NSW<br\/>2007, Australia<\/p><p><strong>(04) 0899-1668<\/strong><\/p>","address_info_window":""}},"8ab5ce30-ed7c-4bf6-8573-8369d492c086":{"type":"location","settings":{"address":"shop 3\/33 Peel St, West Melbourne VIC 3003","title":"Melbourne","address_label":"<p>shop 3\/33 Peel St<br\/>West Melbourne VIC<br\/>3003, Australia<\/p><p><strong>(04) 4989-8370<\/strong><\/p>","address_info_window":""}},"ed3ce00f-dfaa-46da-b381-18b2444a1070":{"type":"location","settings":{"address":"3\/7 Gunn St, Underwood QLD 4119","title":"Brisbane","address_label":"<p>3\/7 Gunn Street<br\/>Underwood QLD<br\/>4119, Australia<\/p><p><strong>(04) 3056-8887<\/strong><\/p>","address_info_window":""}},"c22c7910-c1d5-434c-837a-8e0bec45e337":{"type":"location","settings":{"address":"1\/121 Olympic Cct, Southport QLD 4215","title":"Gold Coast","address_label":"<p>1\/121 Olympic Cct<br\/>Southport QLD<br\/>4215, Australia<\/p><p><strong>(04) 0535-5355<\/strong><\/p>","address_info_window":""}}},"block_order":["template--17988122870080__96d66dff-1213-4ff6-abcb-8ca72a56da82-16770176414bef238e-0","ece3095f-a21a-480f-a877-dca16187d2ad","8ab5ce30-ed7c-4bf6-8573-8369d492c086","ed3ce00f-dfaa-46da-b381-18b2444a1070","c22c7910-c1d5-434c-837a-8e0bec45e337"],"settings":{"heading":"Our Stores","google_maps_api_key":"AIzaSyBU3JgShHtZEaOw5_TN3MlZhzDqo7yny7s","zoom":14,"custom_colors_enabled":false,"foreground_color":"#420707","background_color":"#ffffff","color_scheme":"background-1","spacing_top":60,"spacing_bottom":60}},"c8e4b6bb-6584-458b-a876-bf1f1b7d1f65":{"type":"rich-text","blocks":{"template--17988122870080__c8e4b6bb-6584-458b-a876-bf1f1b7d1f65-1676613489cade070f-0":{"type":"heading","settings":{"heading":"VINXS SHOP E-BIKE PARTS & CHEAP BIKES FOR SALE IN STORE & ONLINE IN AUSTRALIA"}},"template--17988122870080__c8e4b6bb-6584-458b-a876-bf1f1b7d1f65-1676613489cade070f-1":{"type":"text","settings":{"text":"<p>Shop for the best range of quality bicycles online and bike accessories online in Australia. Visit our bike shops in Brisbane, Sydney, Melbourne, Adelaide, Gold Coast, and Canberra. Vinxs E-Bikes delivers a huge range of men's, women's and kids bikes from the biggest Australian and international bike brands. Browse our online store today.<\/p><p>Our bike shops all have on-site bicycle mechanics, offering <a href=\"\/pages\/repair-and-services\" title=\"Repair and Services\">bike repairs and servicing <\/a>on any bike, any brand. Buy your bike or bike accessories with peace of mind with our customer guarantees: Perfect Ride Guarantee on bikes means you have 30 days to ride your bike and if you don't completely love it, you can swap it free.<\/p><p>Shop the biggest online bike store at vinxs.com or visit your local store.<\/p><h5>* 10% Best Online Price Guarantee means that if you find a cheaper price elsewhere or at local store, we will beat it by 10% for online orders.<\/h5>"}}},"block_order":["template--17988122870080__c8e4b6bb-6584-458b-a876-bf1f1b7d1f65-1676613489cade070f-0","template--17988122870080__c8e4b6bb-6584-458b-a876-bf1f1b7d1f65-1676613489cade070f-1"],"settings":{"narrow":true,"overlay_background":"","color_scheme":"background-1","spacing_top":60,"spacing_bottom":60}}},"order":["8c6408c1-c759-45aa-95d4-14ecbfa4e95f","a6a3026b-a53f-4fe9-867a-f6ae6f99efc5","ad110f04-71e5-4f90-8675-305f0158f147","tabs","df78b67d-24fb-413f-a744-5065b78e18ba","58af4304-cf43-49ed-974a-b01682153eec","collections-1","featured-collection-1","collections-2","featured-collection-2","3843e5bb-600b-4842-be03-24d09e1c7b42","96d66dff-1213-4ff6-abcb-8ca72a56da82","c8e4b6bb-6584-458b-a876-bf1f1b7d1f65"]}