{"sections":{"main":{"type":"main-page","settings":{}},"b895719f-34c1-4522-a832-746cb00b2019":{"type":"media-with-text","blocks":{"template--17988123001152__b895719f-34c1-4522-a832-746cb00b2019-16764257393f237439-0":{"type":"heading","settings":{"heading":"Book your service."}},"template--17988123001152__b895719f-34c1-4522-a832-746cb00b2019-16764257393f237439-1":{"type":"text","settings":{"text":"<p>At Vinxs E-Bikes we offer a wide range of servicing and repairs to keep your bike running at optimum performance.<\/p>"}},"4054462f-e78e-4f75-9124-ce7dd981f921":{"type":"button","settings":{"button_label":"Book Now","button_link":"shopify:\/\/pages\/repair-and-service"}}},"block_order":["template--17988123001152__b895719f-34c1-4522-a832-746cb00b2019-16764257393f237439-0","template--17988123001152__b895719f-34c1-4522-a832-746cb00b2019-16764257393f237439-1","4054462f-e78e-4f75-9124-ce7dd981f921"],"settings":{"image":"shopify:\/\/shop_images\/workshop-photo-2000x2000.jpg","video_url":"","layout":"media_first","desktop_content_alignment":"center","color_scheme":"background-1","spacing_top":0,"spacing_bottom":0}},"71c6e4bb-68ec-422a-a0f1-ae8d38e38465":{"type":"multicolumn","blocks":{"template--17988123001152__71c6e4bb-68ec-422a-a0f1-ae8d38e38465-1676428326810a605a-0":{"type":"column","settings":{"image":"shopify:\/\/shop_images\/mtb-wheel-building-640x640.jpg","image_width":550,"title":"BIKE SERVICING AT YOUR PLACE.","text":"<p><\/p><p>Our mobile bike mechanics visit your home or office with all the tools and parts needed to get you back on the bike. Servicing Road, MTB and eBikes across Sydney, spend more time on your bike.<\/p>","link_label":"","link":"shopify:\/\/pages\/book-ebike-repair"}},"b8ece88e-f01e-4587-a321-5bff8dfe7615":{"type":"column","settings":{"image":"shopify:\/\/shop_images\/bosch-ebike-abs-2018-004-square-700x467.jpg","image_width":550,"title":"BICYCLE REPAIR SPECIALISTS","text":"<p>Sydney's premier bicycle workshop, based in Croydon(near the Station) with reserved car-parks for easy drop-off.<br\/><br\/>Our workshop is dedicated to the service, repair and maintenance of your bicycle.<\/p>","link_label":"","link":""}},"template--17988123001152__71c6e4bb-68ec-422a-a0f1-ae8d38e38465-1676428326810a605a-1":{"type":"column","settings":{"image":"shopify:\/\/shop_images\/ebike-electrical-repair-square-700x500.jpg","image_width":430,"title":"WE HATE TRAFFIC AS MUCH AS YOU DO.","text":"<p>The more bikes and less cars on the roads the better, that includes our vans.  Add a second bike service and we'll give you 20% off that service to say thank you. <br\/><\/p>","link_label":"","link":""}}},"block_order":["template--17988123001152__71c6e4bb-68ec-422a-a0f1-ae8d38e38465-1676428326810a605a-0","b8ece88e-f01e-4587-a321-5bff8dfe7615","template--17988123001152__71c6e4bb-68ec-422a-a0f1-ae8d38e38465-1676428326810a605a-1"],"settings":{"title":"All kind of services","columns":3,"column_alignment":"center","button_label":"","button_link":"","color_scheme":"background-1","spacing_top":60,"spacing_bottom":60}}},"order":["main","b895719f-34c1-4522-a832-746cb00b2019","71c6e4bb-68ec-422a-a0f1-ae8d38e38465"]}