{"sections":{"main":{"type":"main-page-fullwidth","settings":{}},"4989ba6d-8ac7-4b67-8740-894852f2ff17":{"type":"media-with-text","blocks":{"template--17988122935616__4989ba6d-8ac7-4b67-8740-894852f2ff17-16764376499285d86a-0":{"type":"heading","settings":{"heading":"Selling your bike is easy."}},"template--17988122935616__4989ba6d-8ac7-4b67-8740-894852f2ff17-16764376499285d86a-1":{"type":"text","settings":{"text":"<p>Get a quote in 24 hours. Free home collection.<\/p>"}},"template--17988122935616__4989ba6d-8ac7-4b67-8740-894852f2ff17-16764376499285d86a-2":{"type":"button","settings":{"button_label":"Get Started","button_link":""}}},"block_order":["template--17988122935616__4989ba6d-8ac7-4b67-8740-894852f2ff17-16764376499285d86a-0","template--17988122935616__4989ba6d-8ac7-4b67-8740-894852f2ff17-16764376499285d86a-1","template--17988122935616__4989ba6d-8ac7-4b67-8740-894852f2ff17-16764376499285d86a-2"],"settings":{"image":"shopify:\/\/shop_images\/istockphoto-1198935888-170667a.jpg","video_url":"","layout":"media_first","desktop_content_alignment":"left","color_scheme":"background-1","spacing_top":60,"spacing_bottom":60}},"932a326e-5397-454d-823d-338101bc21c5":{"type":"multicolumn","blocks":{"template--17988122935616__932a326e-5397-454d-823d-338101bc21c5-16764404688e6e1aad-0":{"type":"column","settings":{"image":"shopify:\/\/shop_images\/spoke_mtb.webp","image_width":550,"title":"Mountain Bikes","text":"<p>We want to give you the best market value for your mountain bike. We are currently looking for mountain bikes<strong>less than 5 years old<\/strong>.<\/p>","link_label":"","link":""}},"template--17988122935616__932a326e-5397-454d-823d-338101bc21c5-16764404688e6e1aad-1":{"type":"column","settings":{"image":"shopify:\/\/shop_images\/spoke_rdb.webp","image_width":550,"title":"Road Bikes","text":"<p>Currently we are looking for road bikesless than 7 years oldwith anoriginal price of more than $1000.<\/p>","link_label":"","link":""}},"template--17988122935616__932a326e-5397-454d-823d-338101bc21c5-16764404688e6e1aad-2":{"type":"column","settings":{"image":"shopify:\/\/shop_images\/gravel_sell.webp","image_width":550,"title":"Gravel Bikes","text":"<p>Currently we are looking for gravel bikes <strong>less than 4 years old<\/strong> with an <strong>original price of more than $700<\/strong>.<\/p>","link_label":"","link":""}}},"block_order":["template--17988122935616__932a326e-5397-454d-823d-338101bc21c5-16764404688e6e1aad-0","template--17988122935616__932a326e-5397-454d-823d-338101bc21c5-16764404688e6e1aad-1","template--17988122935616__932a326e-5397-454d-823d-338101bc21c5-16764404688e6e1aad-2"],"settings":{"title":"Criteria","columns":3,"column_alignment":"left","button_label":"","button_link":"","color_scheme":"background-1","spacing_top":58,"spacing_bottom":60}}},"order":["main","4989ba6d-8ac7-4b67-8740-894852f2ff17","932a326e-5397-454d-823d-338101bc21c5"]}