{"sections":{"main":{"type":"main-page","disabled":true,"settings":{}},"741e99da-a53a-4d09-9ec3-7edf8514e76e":{"type":"rich-text","settings":{"narrow":true,"image":"shopify:\/\/shop_images\/2023-02-21_103303.png","overlay_background":"","color_scheme":"background-1","spacing_top":150,"spacing_bottom":150}},"cfbb9094-584c-4b5b-a015-b4d8fc2c917f":{"type":"media-with-text","blocks":{"template--18077574955328__cfbb9094-584c-4b5b-a015-b4d8fc2c917f-16769408383decf6c0-0":{"type":"heading","settings":{"heading":"New technology and new energy, safer without charging."}},"template--18077574955328__cfbb9094-584c-4b5b-a015-b4d8fc2c917f-16769408383decf6c0-1":{"type":"text","settings":{"text":"<ul><li>No need to charge, away from the fire accident, convenient and trouble-free, safe and secure<\/li><li>Replace the charge with a replacement, 6 seconds full charge, no waiting<\/li><\/ul>"}},"template--18077574955328__cfbb9094-584c-4b5b-a015-b4d8fc2c917f-16769408383decf6c0-2":{"type":"button","settings":{"button_label":"Get Started","button_link":""}}},"block_order":["template--18077574955328__cfbb9094-584c-4b5b-a015-b4d8fc2c917f-16769408383decf6c0-0","template--18077574955328__cfbb9094-584c-4b5b-a015-b4d8fc2c917f-16769408383decf6c0-1","template--18077574955328__cfbb9094-584c-4b5b-a015-b4d8fc2c917f-16769408383decf6c0-2"],"settings":{"image":"shopify:\/\/shop_images\/2023-02-20_132215.png","video_url":"https:\/\/www.youtube.com\/watch?v=82syXY-FB7g","layout":"media_first","desktop_content_alignment":"left","color_scheme":"background-1","spacing_top":60,"spacing_bottom":60}},"3914ad24-15b2-4b48-84ec-ee4150122820":{"type":"rich-text","blocks":{"template--18077574955328__3914ad24-15b2-4b48-84ec-ee4150122820-1676938901f3a8a31b-0":{"type":"heading","settings":{"heading":"About Battery Exchange"}},"template--18077574955328__3914ad24-15b2-4b48-84ec-ee4150122820-1676938901f3a8a31b-1":{"type":"text","settings":{"text":"<p>Delivery has become the \"new infrastructure\" of modern urban life, and electric bicycles have become the preferred vehicles for food delivery. However, the slow charging of electric bicycles, safety risks, lack of range and other issues, the safety of the relevant workers in the industry and income has had a certain impact.<\/p><p><\/p><p>To solve this problem, Vinxs E-Bike has developed an innovative power exchange project, which is a tailor-made solution for the problems of short battery life, slow charging, large battery decay in winter and short life span of electric vehicles in the take-away and courier industries. The whole set of products consists of unattended intelligent battery exchange cabinet, intelligent lithium battery, business operation platform, and cell phone client, customers only need to download the \"Vinxs Power Exchange\" APP to easily complete the rental of batteries, intelligent power exchange.<br\/><\/p>"}}},"block_order":["template--18077574955328__3914ad24-15b2-4b48-84ec-ee4150122820-1676938901f3a8a31b-0","template--18077574955328__3914ad24-15b2-4b48-84ec-ee4150122820-1676938901f3a8a31b-1"],"settings":{"narrow":true,"overlay_background":"","color_scheme":"background-1","spacing_top":60,"spacing_bottom":60}}},"order":["main","741e99da-a53a-4d09-9ec3-7edf8514e76e","cfbb9094-584c-4b5b-a015-b4d8fc2c917f","3914ad24-15b2-4b48-84ec-ee4150122820"]}