{"sections":{"main":{"type":"main-product","blocks":{"title":{"type":"title","settings":{"show_vendor":true,"show_stock":false,"show_sku":false,"show_barcode":true,"barcode_label":"Barcode","show_rating":false}},"subtitle":{"type":"text","settings":{"text":"{{ product.metafields.descriptors.subtitle.value }}","icon":"","color_scheme":"none"}},"price":{"type":"price","settings":{}},"variants":{"type":"variants","settings":{"picker_type":"button","hide_single_variant":false,"out_of_stock_variants":"show"}},"buy_buttons":{"type":"buy_buttons","settings":{"show_quantity":true,"show_add_to_cart":true,"show_buy_now":true}},"availability":{"type":"availability","settings":{}},"extra":{"type":"extra","settings":{"text":"<p>Why Choose Us?<\/p><ol><li>We are the source distributor of vinxs brand. We can provide customers with the best prices.<\/li><li>After-sales service is guaranteed. Unlike other resellers, we have all the after-sales accessories for the EBIKE we sold, and one-stop service to solve all after-sales problems.<\/li><li>The best configuration at the same price, the lightest weight, and the most stable quality. Offline stores guarantee all after-sales and maintenance services.<\/li><\/ol><h5>* 10% Best Online Price Guarantee means that if you find a cheaper price elsewhere or at local store, we will beat it by 10% for online orders.<\/h5>","show_facebook":false,"show_twitter":false,"show_linkedin":false}},"description":{"type":"description","settings":{"title":"Description","expanded":true}},"b04a702a-83f7-46d7-ab13-f3aa6fc52d9e":{"type":"extra","settings":{"text":"<p>Have a question? Ask an expert on <a href=\"tel: 04 4989-8370\" title=\"Call\">04 4989-8370<\/a><\/p>","show_facebook":true,"show_twitter":true,"show_linkedin":true}},"3680975d-b11b-49c4-b715-c27089321132":{"type":"reviews","settings":{"expanded":true}}},"block_order":["title","subtitle","price","variants","buy_buttons","availability","extra","description","b04a702a-83f7-46d7-ab13-f3aa6fc52d9e","3680975d-b11b-49c4-b715-c27089321132"],"settings":{"hide_variants":false,"thumbnail_navigation":false}},"recommendations":{"type":"product-recommendations","settings":{"show":false,"title":"Related products","count":"3","show_vendor":true,"show_stock":true,"show_rating":true,"color_scheme":"background-1","spacing_top":60,"spacing_bottom":60}}},"order":["main","recommendations"]}