{"name":"t:sections.footer.name","type":"footer","sections":{"footer-features":{"type":"footer-features","blocks":{"footer-features-0":{"type":"feature","settings":{"icon":"check","title":"Installment","text":"<p>Choosing one affordable rent to buy plans. The bike is yours after complete the contract.<\/p>"}},"footer-features-1":{"type":"feature","settings":{"icon":"check","title":"Rental","text":"<p>You can rent one of our ebikes and start making money immediately!<\/p>"}},"footer-features-2":{"type":"feature","settings":{"icon":"check","title":"Repair","text":"<p>Our workshop is dedicated to the service, repair and maintenance of your bicycle.<\/p>"}},"footer-features-3":{"type":"feature","settings":{"icon":"check","title":"Exchange","text":"<p>Sell your bike for money or a new one.<\/p>"}}},"block_order":["footer-features-0","footer-features-1","footer-features-2","footer-features-3"],"settings":{"inline":false,"stack_on_mobile":false,"color_scheme":"background-1","spacing_top":46,"spacing_bottom":46}},"newsletter":{"type":"newsletter","settings":{"newsletter_enable":true,"title":"Our newsletter","text":"Subscribe to our newsletter and receive $20 online sale gift card.","consent_checkbox":false,"consent_text":"<p>I agree to receive marketing emails and special deals.<\/p>","color_scheme":"accent-1","spacing_top":30,"spacing_bottom":30}},"footer":{"type":"footer","blocks":{"footer-0":{"type":"text","settings":{"title":"Contact us","image_width":340,"text":"<p>+61 0449898370<\/p><p>vinxsinfo@gmail.com<\/p><p>215-217 Elizabeth St, Croydon, NSW, 2132, Australia <\/p><p><a href=\"https:\/\/goo.gl\/maps\/HA2gSwHkE87hWGN87\" target=\"_blank\" title=\"https:\/\/goo.gl\/maps\/HA2gSwHkE87hWGN87\">Store Locator<\/a><\/p>"}},"footer-1":{"type":"menu","settings":{"title":"POPULAR CATEGORIES","menu":"e-bikes-category"}},"12859141-f99a-4d72-8f60-3eb827134842":{"type":"menu","settings":{"title":"Servies","menu":"services"}},"footer-3":{"type":"text","settings":{"title":"Information","image_width":340,"text":"<ul><li>Warranties<\/li><li>Customer FAQ <\/li><li>Refunds & Returns <\/li><li>Privacy Policy <\/li><li>Terms & Conditions<\/li><\/ul>"}}},"block_order":["footer-0","footer-1","12859141-f99a-4d72-8f60-3eb827134842","footer-3"],"settings":{"payment_enable":true,"show_social":true,"color_scheme":"background-1"}}},"order":["footer-features","newsletter","footer"]}