{"name":"t:sections.header.name","type":"header","sections":{"announcement-bar":{"type":"announcement-bar","custom_css":[],"settings":{"text":"Any order will have 10% Best Online Price.","link":"shopify:\/\/collections\/e-bikes","menu":"announce-menu","show_social":false,"color_scheme":"background-2","spacing_top":1,"spacing_bottom":1}},"header":{"type":"header","settings":{"logo":"shopify:\/\/shop_images\/logo-xbg-cropped.png","svg_logo_code":"","logo_width":70,"promo_title":"(04) 4989-8370","promo_text":"<p>vinxsinfo@gmail.com<\/p>","menu":"main-menu","menu_right":"","menu_mobile":"","menu_mobile_expand_on_arrow":false,"menu_font":"body","enable_language_selector":false,"enable_country_selector":false,"mini_cart_icon":"cart","enable_sticky_header":false,"header_color_scheme":"accent-1","navigation_color_scheme":"background-1","navigation_submenu_color_scheme":"background-1","mobile_navigation_color_scheme":"background-1","spacing_top":2,"spacing_bottom":2}},"announcement-bar-secondary":{"type":"announcement-bar-secondary","settings":{}},"header-features":{"type":"header-features","blocks":{"6a0fe820-b196-4f7b-a371-846d82b3b7bd":{"type":"feature","settings":{"icon":"arrow-right","title":"Online sales discount!","text":"<p>Up to $200 discount when you make any order online. You can pick up your order at store or deliver to your home.<\/p>"}}},"block_order":["6a0fe820-b196-4f7b-a371-846d82b3b7bd"],"settings":{"inline":false,"stack_on_mobile":false,"color_scheme":"background-1","spacing_top":0,"spacing_bottom":0}}},"order":["announcement-bar","header","announcement-bar-secondary","header-features"]}