{"current":{"colors_text":"#808080","colors_text_alt":"#000000","colors_lines":"#dadada","colors_background_1":"#ffffff","colors_background_2":"#000000","colors_accent_1_text":"#ffffff","colors_accent_1":"#dc241e","colors_accent_2_text":"#ffffff","colors_accent_2":"#ca4141","colors_accent_3_text":"#ffffff","colors_accent_3":"#bd6b1b","colors_primary_button_text":"#f8f8f8","colors_primary_button_background":"#0072eb","colors_secondary_button_text":"#ffffff","colors_secondary_button_background":"#e0502e","color_badge_sale":"#ca4141","color_badge_instock":"#337239","color_badge_limitedstock":"#bd6b1b","color_badge_outofstock":"#922c2c","typography_headings":"fira_sans_n5","typography_headings_size":100,"typography_body":"roboto_n4","typography_body_size":100,"favicon":"shopify:\/\/shop_images\/mmexport1678917745916.jpg","breadcrumbs_enabled":true,"catalog_enabled":false,"button_top_enabled":false,"only_x_left":3,"sale_badge_mode":"percentage","predictive_search_enabled":true,"predictive_search_limit":8,"search_filter_type":"vendor","predictive_search_show_vendor":true,"predictive_search_show_price":true,"predictive_search_unavailable":"last","predictive_search_collections":false,"predictive_search_articles":false,"predictive_search_pages":false,"products_two_column_mobile":true,"products_show_secondary_image":true,"product_image_ratio":"adapt","products_show_add_to_cart":true,"currency_code_enabled":false,"social_link_facebook":"https:\/\/www.facebook.com\/profile.php?id=100067539786064","social_link_tiktok":"https:\/\/www.tiktok.com\/@shibotao","social_link_youtube":"https:\/\/www.youtube.com\/@vinxsebike","checkout_header_image":"shopify:\/\/shop_images\/spoke_rdb.webp","sections":{"announcement-bar":{"type":"announcement-bar","custom_css":[],"settings":{"text":"Any order will have 10% Best Online Price.","link":"shopify:\/\/collections\/e-bikes","menu":"announce-menu","show_social":false,"color_scheme":"background-2","spacing_top":1,"spacing_bottom":1}},"header":{"type":"header","settings":{"logo":"shopify:\/\/shop_images\/logo-xbg-cropped.png","svg_logo_code":"","logo_width":70,"promo_title":"(04) 4989-8370","promo_text":"<p>vinxsinfo@gmail.com<\/p>","menu":"main-menu","menu_right":"","menu_mobile":"","menu_mobile_expand_on_arrow":false,"menu_font":"body","enable_language_selector":false,"enable_country_selector":false,"mini_cart_icon":"cart","enable_sticky_header":false,"header_color_scheme":"accent-1","navigation_color_scheme":"background-1","navigation_submenu_color_scheme":"background-1","mobile_navigation_color_scheme":"background-1","spacing_top":2,"spacing_bottom":2}},"header-features":{"type":"header-features","blocks":{"6a0fe820-b196-4f7b-a371-846d82b3b7bd":{"type":"feature","settings":{"icon":"arrow-right","title":"Online sales discount!","text":"<p>Up to $200 discount when you make any order online. You can pick up your order at store or deliver to your home.<\/p>"}}},"block_order":["6a0fe820-b196-4f7b-a371-846d82b3b7bd"],"settings":{"inline":false,"stack_on_mobile":false,"color_scheme":"background-1","spacing_top":0,"spacing_bottom":0}},"footer-features":{"type":"footer-features","blocks":{"footer-features-0":{"type":"feature","settings":{"icon":"check","title":"Installment","text":"<p>Choosing one affordable rent to buy plans. The bike is yours after complete the contract.<\/p>"}},"footer-features-1":{"type":"feature","settings":{"icon":"check","title":"Rental","text":"<p>You can rent one of our ebikes and start making money immediately!<\/p>"}},"footer-features-2":{"type":"feature","settings":{"icon":"check","title":"Repair","text":"<p>Our workshop is dedicated to the service, repair and maintenance of your bicycle.<\/p>"}},"footer-features-3":{"type":"feature","settings":{"icon":"check","title":"Exchange","text":"<p>Sell your bike for money or a new one.<\/p>"}}},"block_order":["footer-features-0","footer-features-1","footer-features-2","footer-features-3"],"settings":{"inline":false,"stack_on_mobile":false,"color_scheme":"background-1","spacing_top":46,"spacing_bottom":46}},"newsletter":{"type":"newsletter","settings":{"newsletter_enable":true,"title":"Our newsletter","text":"Subscribe to our newsletter and receive $20 online sale gift card.","consent_checkbox":false,"consent_text":"<p>I agree to receive marketing emails and special deals.<\/p>","color_scheme":"accent-1","spacing_top":30,"spacing_bottom":30}},"footer":{"type":"footer","blocks":{"footer-0":{"type":"text","settings":{"title":"Contact us","image_width":340,"text":"<p>+61 0449898370<\/p><p>vinxsinfo@gmail.com<\/p><p>215-217 Elizabeth St, Croydon, NSW, 2132, Australia <\/p><p><a href=\"https:\/\/goo.gl\/maps\/HA2gSwHkE87hWGN87\" target=\"_blank\" title=\"https:\/\/goo.gl\/maps\/HA2gSwHkE87hWGN87\">Store Locator<\/a><\/p>"}},"footer-1":{"type":"menu","settings":{"title":"POPULAR CATEGORIES","menu":"e-bikes-category"}},"12859141-f99a-4d72-8f60-3eb827134842":{"type":"menu","settings":{"title":"Servies","menu":"services"}},"footer-3":{"type":"text","settings":{"title":"Information","image_width":340,"text":"<ul><li>Warranties<\/li><li>Customer FAQ <\/li><li>Refunds & Returns <\/li><li>Privacy Policy <\/li><li>Terms & Conditions<\/li><\/ul>"}}},"block_order":["footer-0","footer-1","12859141-f99a-4d72-8f60-3eb827134842","footer-3"],"settings":{"payment_enable":true,"show_social":true,"color_scheme":"background-1"}}},"content_for_index":[],"blocks":{"9278379683843197553":{"type":"shopify:\/\/apps\/appointment-booking-appointo\/blocks\/app-embed\/8e9086b8-9c22-4cd3-b1d1-0967727a5d97","disabled":false,"settings":{}}}},"presets":{"Default":{"colors_text":"#676767","colors_text_alt":"#232323","colors_lines":"#dadada","colors_background_1":"#ffffff","colors_background_2":"#F8F8F8","colors_accent_1_text":"#ffffff","colors_accent_1":"#0244A9","colors_accent_2_text":"#ffffff","colors_accent_2":"#0B6CFF","colors_accent_3_text":"#ffffff","colors_accent_3":"#232323","color_badge_sale":"#CA4141","color_badge_instock":"#337239","color_badge_limitedstock":"#bd6b1b","color_badge_outofstock":"#922C2C","typography_headings":"roboto_n5","typography_headings_size":100,"typography_body":"roboto_n4","typography_body_size":100,"breadcrumbs_enabled":true,"only_x_left":3,"sale_badge_mode":"sale","predictive_search_enabled":true,"predictive_search_limit":4,"search_filter_type":"tag","predictive_search_show_vendor":true,"predictive_search_show_price":false,"predictive_search_unavailable":"last","predictive_search_queries":true,"predictive_search_collections":true,"predictive_search_articles":true,"predictive_search_pages":true,"products_show_secondary_image":false,"products_show_add_to_cart":false,"products_two_column_mobile":true,"product_image_ratio":"adapt","currency_code_enabled":false},"Spoke":{"colors_text":"#676767","colors_text_alt":"#232323","colors_lines":"#dadada","colors_background_1":"#ffffff","colors_background_2":"#f8f8f8","colors_accent_1_text":"#ffffff","colors_accent_1":"#0f697c","colors_accent_2_text":"#ffffff","colors_accent_2":"#60a61b","colors_accent_3_text":"#ffffff","colors_accent_3":"#052830","color_badge_sale":"#CA4141","color_badge_instock":"#337239","color_badge_limitedstock":"#bd6b1b","color_badge_outofstock":"#922C2C","typography_headings":"fira_sans_n5","typography_headings_size":100,"typography_body":"roboto_n4","typography_body_size":100,"breadcrumbs_enabled":true,"only_x_left":3,"sale_badge_mode":"percentage","predictive_search_enabled":true,"predictive_search_limit":8,"search_filter_type":"vendor","predictive_search_show_vendor":true,"predictive_search_show_price":true,"predictive_search_unavailable":"last","predictive_search_queries":false,"predictive_search_collections":false,"predictive_search_articles":false,"predictive_search_pages":false,"products_show_secondary_image":true,"products_show_add_to_cart":true,"products_two_column_mobile":true,"product_image_ratio":"adapt","currency_code_enabled":false},"Pharm":{"colors_accent_1":"#087998","colors_accent_2":"#00303e","colors_accent_3":"#001d25","typography_headings":"dm_sans_n5","typography_body":"dm_sans_n4","sale_badge_mode":"percentage","predictive_search_limit":6,"search_filter_type":"none","predictive_search_show_vendor":true,"predictive_search_show_price":true,"predictive_search_queries":false,"predictive_search_collections":false,"predictive_search_articles":false,"predictive_search_pages":false,"currency_code_enabled":true}},"platform_customizations":{"custom_css":[]}}